<?xml version="1.0" encoding="UTF-8" standalone="yes" ?><cp:coreProperties xmlns:cp="http://schemas.openxmlformats.org/package/2006/metadata/core-properties" xmlns:dc="http://purl.org/dc/elements/1.1/" xmlns:dcmitype="http://purl.org/dc/dcmitype/" xmlns:dcterms="http://purl.org/dc/terms/" xmlns:xsi="http://www.w3.org/2001/XMLSchema-instance"><cp:category>Model</cp:category><dcterms:created xsi:type="dcterms:W3CDTF">2017-12-27T02:02:12Z</dcterms:created><dc:creator>poole</dc:creator><cp:lastModifiedBy>Chris</cp:lastModifiedBy><dcterms:modified xsi:type="dcterms:W3CDTF">2018-01-28T02:08:33Z</dcterms:modified><cp:revision>1.41</cp:revision><cp:version>R2017b</cp:version></cp:coreProperties>