<?xml version="1.0" encoding="utf-8"?>
<GraphicalInterface>
  <P Name="NumRootInports">0</P>
  <P Name="NumRootOutports">0</P>
  <P Name="ParameterArgumentNames"/>
  <P Name="NumModelReferences">0</P>
  <P Name="NumTestPointedSignals">0</P>
  <P Name="NumProvidedFunctions">0</P>
  <P Name="NumRequiredFunctions">0</P>
  <P Name="NumResetEvents">0</P>
  <P Name="HasInitializeEvent">0</P>
  <P Name="HasTerminateEvent">0</P>
  <P Name="IsExportFunctionModel">0</P>
  <P Name="NumParameterArguments">0</P>
  <P Name="NumExternalFileReferences">250</P>
  <ExternalFileReference>
    <P Name="Reference">sm_lib/Joints/Revolute Joint</P>
    <P Name="Path">$bdroot/Linkage_1/Revolute</P>
    <P Name="SID">2</P>
    <P Name="Type">LIBRARY_BLOCK</P>
  </ExternalFileReference>
  <ExternalFileReference>
    <P Name="Reference">sm_lib/Joints/Revolute Joint</P>
    <P Name="Path">$bdroot/Linkage_1/Revolute13</P>
    <P Name="SID">7</P>
    <P Name="Type">LIBRARY_BLOCK</P>
  </ExternalFileReference>
  <ExternalFileReference>
    <P Name="Reference">sm_lib/Joints/Spherical
Joint</P>
    <P Name="Path">$bdroot/Linkage_1/Spherical Joint1</P>
    <P Name="SID">380</P>
    <P Name="Type">LIBRARY_BLOCK</P>
  </ExternalFileReference>
  <ExternalFileReference>
    <P Name="Reference">sm_lib/Joints/Spherical
Joint</P>
    <P Name="Path">$bdroot/Linkage_1/Spherical Joint12</P>
    <P Name="SID">402</P>
    <P Name="Type">LIBRARY_BLOCK</P>
  </ExternalFileReference>
  <ExternalFileReference>
    <P Name="Reference">sm_lib/Frames and
Transforms/Reference
Frame</P>
    <P Name="Path">$bdroot/Linkage_1/platform_rods_6_RIGID/ReferenceFrame</P>
    <P Name="SID">147</P>
    <P Name="Type">LIBRARY_BLOCK</P>
  </ExternalFileReference>
  <ExternalFileReference>
    <P Name="Reference">sm_lib/Body Elements/Solid</P>
    <P Name="Path">$bdroot/Linkage_1/platform_rods_6_RIGID/Solid</P>
    <P Name="SID">148</P>
    <P Name="Type">LIBRARY_BLOCK</P>
  </ExternalFileReference>
  <ExternalFileReference>
    <P Name="Reference">sm_lib/Frames and
Transforms/Rigid
Transform</P>
    <P Name="Path">$bdroot/Linkage_1/platform_rods_6_RIGID/Transform</P>
    <P Name="SID">149</P>
    <P Name="Type">LIBRARY_BLOCK</P>
  </ExternalFileReference>
  <ExternalFileReference>
    <P Name="Reference">sm_lib/Frames and
Transforms/Rigid
Transform</P>
    <P Name="Path">$bdroot/Linkage_1/platform_rods_6_RIGID/Transform1</P>
    <P Name="SID">150</P>
    <P Name="Type">LIBRARY_BLOCK</P>
  </ExternalFileReference>
  <ExternalFileReference>
    <P Name="Reference">sm_lib/Frames and
Transforms/Reference
Frame</P>
    <P Name="Path">$bdroot/Linkage_1/uxcell_SA5T_ball_11_RIGID/ReferenceFrame</P>
    <P Name="SID">227</P>
    <P Name="Type">LIBRARY_BLOCK</P>
  </ExternalFileReference>
  <ExternalFileReference>
    <P Name="Reference">sm_lib/Body Elements/Solid</P>
    <P Name="Path">$bdroot/Linkage_1/uxcell_SA5T_ball_11_RIGID/Solid</P>
    <P Name="SID">228</P>
    <P Name="Type">LIBRARY_BLOCK</P>
  </ExternalFileReference>
  <ExternalFileReference>
    <P Name="Reference">sm_lib/Frames and
Transforms/Rigid
Transform</P>
    <P Name="Path">$bdroot/Linkage_1/uxcell_SA5T_ball_11_RIGID/Transform</P>
    <P Name="SID">229</P>
    <P Name="Type">LIBRARY_BLOCK</P>
  </ExternalFileReference>
  <ExternalFileReference>
    <P Name="Reference">sm_lib/Frames and
Transforms/Rigid
Transform</P>
    <P Name="Path">$bdroot/Linkage_1/uxcell_SA5T_ball_11_RIGID/Transform1</P>
    <P Name="SID">230</P>
    <P Name="Type">LIBRARY_BLOCK</P>
  </ExternalFileReference>
  <ExternalFileReference>
    <P Name="Reference">sm_lib/Frames and
Transforms/Reference
Frame</P>
    <P Name="Path">$bdroot/Linkage_1/uxcell_SA5T_ball_12_RIGID/ReferenceFrame</P>
    <P Name="SID">233</P>
    <P Name="Type">LIBRARY_BLOCK</P>
  </ExternalFileReference>
  <ExternalFileReference>
    <P Name="Reference">sm_lib/Body Elements/Solid</P>
    <P Name="Path">$bdroot/Linkage_1/uxcell_SA5T_ball_12_RIGID/Solid</P>
    <P Name="SID">234</P>
    <P Name="Type">LIBRARY_BLOCK</P>
  </ExternalFileReference>
  <ExternalFileReference>
    <P Name="Reference">sm_lib/Frames and
Transforms/Rigid
Transform</P>
    <P Name="Path">$bdroot/Linkage_1/uxcell_SA5T_ball_12_RIGID/Transform</P>
    <P Name="SID">235</P>
    <P Name="Type">LIBRARY_BLOCK</P>
  </ExternalFileReference>
  <ExternalFileReference>
    <P Name="Reference">sm_lib/Frames and
Transforms/Rigid
Transform</P>
    <P Name="Path">$bdroot/Linkage_1/uxcell_SA5T_ball_12_RIGID/Transform1</P>
    <P Name="SID">236</P>
    <P Name="Type">LIBRARY_BLOCK</P>
  </ExternalFileReference>
  <ExternalFileReference>
    <P Name="Reference">sm_lib/Frames and
Transforms/Reference
Frame</P>
    <P Name="Path">$bdroot/Linkage_1/uxcell_SA5T_ball_joint_housing_11_RIGID/ReferenceFrame</P>
    <P Name="SID">299</P>
    <P Name="Type">LIBRARY_BLOCK</P>
  </ExternalFileReference>
  <ExternalFileReference>
    <P Name="Reference">sm_lib/Body Elements/Solid</P>
    <P Name="Path">$bdroot/Linkage_1/uxcell_SA5T_ball_joint_housing_11_RIGID/Solid</P>
    <P Name="SID">300</P>
    <P Name="Type">LIBRARY_BLOCK</P>
  </ExternalFileReference>
  <ExternalFileReference>
    <P Name="Reference">sm_lib/Frames and
Transforms/Rigid
Transform</P>
    <P Name="Path">$bdroot/Linkage_1/uxcell_SA5T_ball_joint_housing_11_RIGID/Transform</P>
    <P Name="SID">301</P>
    <P Name="Type">LIBRARY_BLOCK</P>
  </ExternalFileReference>
  <ExternalFileReference>
    <P Name="Reference">sm_lib/Frames and
Transforms/Rigid
Transform</P>
    <P Name="Path">$bdroot/Linkage_1/uxcell_SA5T_ball_joint_housing_11_RIGID/Transform1</P>
    <P Name="SID">302</P>
    <P Name="Type">LIBRARY_BLOCK</P>
  </ExternalFileReference>
  <ExternalFileReference>
    <P Name="Reference">sm_lib/Frames and
Transforms/Reference
Frame</P>
    <P Name="Path">$bdroot/Linkage_1/uxcell_SA5T_ball_joint_housing_12_RIGID/ReferenceFrame</P>
    <P Name="SID">305</P>
    <P Name="Type">LIBRARY_BLOCK</P>
  </ExternalFileReference>
  <ExternalFileReference>
    <P Name="Reference">sm_lib/Body Elements/Solid</P>
    <P Name="Path">$bdroot/Linkage_1/uxcell_SA5T_ball_joint_housing_12_RIGID/Solid</P>
    <P Name="SID">306</P>
    <P Name="Type">LIBRARY_BLOCK</P>
  </ExternalFileReference>
  <ExternalFileReference>
    <P Name="Reference">sm_lib/Frames and
Transforms/Rigid
Transform</P>
    <P Name="Path">$bdroot/Linkage_1/uxcell_SA5T_ball_joint_housing_12_RIGID/Transform</P>
    <P Name="SID">307</P>
    <P Name="Type">LIBRARY_BLOCK</P>
  </ExternalFileReference>
  <ExternalFileReference>
    <P Name="Reference">sm_lib/Frames and
Transforms/Rigid
Transform</P>
    <P Name="Path">$bdroot/Linkage_1/uxcell_SA5T_ball_joint_housing_12_RIGID/Transform1</P>
    <P Name="SID">308</P>
    <P Name="Type">LIBRARY_BLOCK</P>
  </ExternalFileReference>
  <ExternalFileReference>
    <P Name="Reference">sm_lib/Joints/Revolute Joint</P>
    <P Name="Path">$bdroot/Linkage_2 /Revolute1</P>
    <P Name="SID">3</P>
    <P Name="Type">LIBRARY_BLOCK</P>
  </ExternalFileReference>
  <ExternalFileReference>
    <P Name="Reference">sm_lib/Joints/Revolute Joint</P>
    <P Name="Path">$bdroot/Linkage_2 /Revolute10</P>
    <P Name="SID">4</P>
    <P Name="Type">LIBRARY_BLOCK</P>
  </ExternalFileReference>
  <ExternalFileReference>
    <P Name="Reference">sm_lib/Joints/Spherical
Joint</P>
    <P Name="Path">$bdroot/Linkage_2 /Spherical Joint10</P>
    <P Name="SID">389</P>
    <P Name="Type">LIBRARY_BLOCK</P>
  </ExternalFileReference>
  <ExternalFileReference>
    <P Name="Reference">sm_lib/Joints/Spherical
Joint</P>
    <P Name="Path">$bdroot/Linkage_2 /Spherical Joint11</P>
    <P Name="SID">390</P>
    <P Name="Type">LIBRARY_BLOCK</P>
  </ExternalFileReference>
  <ExternalFileReference>
    <P Name="Reference">sm_lib/Frames and
Transforms/Reference
Frame</P>
    <P Name="Path">$bdroot/Linkage_2 /platform_rods_3_RIGID/ReferenceFrame</P>
    <P Name="SID">129</P>
    <P Name="Type">LIBRARY_BLOCK</P>
  </ExternalFileReference>
  <ExternalFileReference>
    <P Name="Reference">sm_lib/Body Elements/Solid</P>
    <P Name="Path">$bdroot/Linkage_2 /platform_rods_3_RIGID/Solid</P>
    <P Name="SID">130</P>
    <P Name="Type">LIBRARY_BLOCK</P>
  </ExternalFileReference>
  <ExternalFileReference>
    <P Name="Reference">sm_lib/Frames and
Transforms/Rigid
Transform</P>
    <P Name="Path">$bdroot/Linkage_2 /platform_rods_3_RIGID/Transform</P>
    <P Name="SID">131</P>
    <P Name="Type">LIBRARY_BLOCK</P>
  </ExternalFileReference>
  <ExternalFileReference>
    <P Name="Reference">sm_lib/Frames and
Transforms/Rigid
Transform</P>
    <P Name="Path">$bdroot/Linkage_2 /platform_rods_3_RIGID/Transform1</P>
    <P Name="SID">132</P>
    <P Name="Type">LIBRARY_BLOCK</P>
  </ExternalFileReference>
  <ExternalFileReference>
    <P Name="Reference">sm_lib/Frames and
Transforms/Reference
Frame</P>
    <P Name="Path">$bdroot/Linkage_2 /uxcell_SA5T_ball_5_RIGID/ReferenceFrame</P>
    <P Name="SID">263</P>
    <P Name="Type">LIBRARY_BLOCK</P>
  </ExternalFileReference>
  <ExternalFileReference>
    <P Name="Reference">sm_lib/Body Elements/Solid</P>
    <P Name="Path">$bdroot/Linkage_2 /uxcell_SA5T_ball_5_RIGID/Solid</P>
    <P Name="SID">264</P>
    <P Name="Type">LIBRARY_BLOCK</P>
  </ExternalFileReference>
  <ExternalFileReference>
    <P Name="Reference">sm_lib/Frames and
Transforms/Rigid
Transform</P>
    <P Name="Path">$bdroot/Linkage_2 /uxcell_SA5T_ball_5_RIGID/Transform</P>
    <P Name="SID">265</P>
    <P Name="Type">LIBRARY_BLOCK</P>
  </ExternalFileReference>
  <ExternalFileReference>
    <P Name="Reference">sm_lib/Frames and
Transforms/Rigid
Transform</P>
    <P Name="Path">$bdroot/Linkage_2 /uxcell_SA5T_ball_5_RIGID/Transform1</P>
    <P Name="SID">266</P>
    <P Name="Type">LIBRARY_BLOCK</P>
  </ExternalFileReference>
  <ExternalFileReference>
    <P Name="Reference">sm_lib/Frames and
Transforms/Reference
Frame</P>
    <P Name="Path">$bdroot/Linkage_2 /uxcell_SA5T_ball_6_RIGID/ReferenceFrame</P>
    <P Name="SID">269</P>
    <P Name="Type">LIBRARY_BLOCK</P>
  </ExternalFileReference>
  <ExternalFileReference>
    <P Name="Reference">sm_lib/Body Elements/Solid</P>
    <P Name="Path">$bdroot/Linkage_2 /uxcell_SA5T_ball_6_RIGID/Solid</P>
    <P Name="SID">270</P>
    <P Name="Type">LIBRARY_BLOCK</P>
  </ExternalFileReference>
  <ExternalFileReference>
    <P Name="Reference">sm_lib/Frames and
Transforms/Rigid
Transform</P>
    <P Name="Path">$bdroot/Linkage_2 /uxcell_SA5T_ball_6_RIGID/Transform</P>
    <P Name="SID">271</P>
    <P Name="Type">LIBRARY_BLOCK</P>
  </ExternalFileReference>
  <ExternalFileReference>
    <P Name="Reference">sm_lib/Frames and
Transforms/Rigid
Transform</P>
    <P Name="Path">$bdroot/Linkage_2 /uxcell_SA5T_ball_6_RIGID/Transform1</P>
    <P Name="SID">272</P>
    <P Name="Type">LIBRARY_BLOCK</P>
  </ExternalFileReference>
  <ExternalFileReference>
    <P Name="Reference">sm_lib/Frames and
Transforms/Reference
Frame</P>
    <P Name="Path">$bdroot/Linkage_2 /uxcell_SA5T_ball_joint_housing_5_RIGID/ReferenceFrame</P>
    <P Name="SID">335</P>
    <P Name="Type">LIBRARY_BLOCK</P>
  </ExternalFileReference>
  <ExternalFileReference>
    <P Name="Reference">sm_lib/Body Elements/Solid</P>
    <P Name="Path">$bdroot/Linkage_2 /uxcell_SA5T_ball_joint_housing_5_RIGID/Solid</P>
    <P Name="SID">336</P>
    <P Name="Type">LIBRARY_BLOCK</P>
  </ExternalFileReference>
  <ExternalFileReference>
    <P Name="Reference">sm_lib/Frames and
Transforms/Rigid
Transform</P>
    <P Name="Path">$bdroot/Linkage_2 /uxcell_SA5T_ball_joint_housing_5_RIGID/Transform</P>
    <P Name="SID">337</P>
    <P Name="Type">LIBRARY_BLOCK</P>
  </ExternalFileReference>
  <ExternalFileReference>
    <P Name="Reference">sm_lib/Frames and
Transforms/Rigid
Transform</P>
    <P Name="Path">$bdroot/Linkage_2 /uxcell_SA5T_ball_joint_housing_5_RIGID/Transform1</P>
    <P Name="SID">338</P>
    <P Name="Type">LIBRARY_BLOCK</P>
  </ExternalFileReference>
  <ExternalFileReference>
    <P Name="Reference">sm_lib/Frames and
Transforms/Reference
Frame</P>
    <P Name="Path">$bdroot/Linkage_2 /uxcell_SA5T_ball_joint_housing_6_RIGID/ReferenceFrame</P>
    <P Name="SID">341</P>
    <P Name="Type">LIBRARY_BLOCK</P>
  </ExternalFileReference>
  <ExternalFileReference>
    <P Name="Reference">sm_lib/Body Elements/Solid</P>
    <P Name="Path">$bdroot/Linkage_2 /uxcell_SA5T_ball_joint_housing_6_RIGID/Solid</P>
    <P Name="SID">342</P>
    <P Name="Type">LIBRARY_BLOCK</P>
  </ExternalFileReference>
  <ExternalFileReference>
    <P Name="Reference">sm_lib/Frames and
Transforms/Rigid
Transform</P>
    <P Name="Path">$bdroot/Linkage_2 /uxcell_SA5T_ball_joint_housing_6_RIGID/Transform</P>
    <P Name="SID">343</P>
    <P Name="Type">LIBRARY_BLOCK</P>
  </ExternalFileReference>
  <ExternalFileReference>
    <P Name="Reference">sm_lib/Frames and
Transforms/Rigid
Transform</P>
    <P Name="Path">$bdroot/Linkage_2 /uxcell_SA5T_ball_joint_housing_6_RIGID/Transform1</P>
    <P Name="SID">344</P>
    <P Name="Type">LIBRARY_BLOCK</P>
  </ExternalFileReference>
  <ExternalFileReference>
    <P Name="Reference">sm_lib/Joints/Revolute Joint</P>
    <P Name="Path">$bdroot/Linkage_3/Revolute2</P>
    <P Name="SID">12</P>
    <P Name="Type">LIBRARY_BLOCK</P>
  </ExternalFileReference>
  <ExternalFileReference>
    <P Name="Reference">sm_lib/Joints/Revolute Joint</P>
    <P Name="Path">$bdroot/Linkage_3/Revolute8</P>
    <P Name="SID">18</P>
    <P Name="Type">LIBRARY_BLOCK</P>
  </ExternalFileReference>
  <ExternalFileReference>
    <P Name="Reference">sm_lib/Joints/Spherical
Joint</P>
    <P Name="Path">$bdroot/Linkage_3/Spherical Joint8</P>
    <P Name="SID">387</P>
    <P Name="Type">LIBRARY_BLOCK</P>
  </ExternalFileReference>
  <ExternalFileReference>
    <P Name="Reference">sm_lib/Joints/Spherical
Joint</P>
    <P Name="Path">$bdroot/Linkage_3/Spherical Joint9</P>
    <P Name="SID">388</P>
    <P Name="Type">LIBRARY_BLOCK</P>
  </ExternalFileReference>
  <ExternalFileReference>
    <P Name="Reference">sm_lib/Frames and
Transforms/Reference
Frame</P>
    <P Name="Path">$bdroot/Linkage_3/platform_rods_1_RIGID/ReferenceFrame</P>
    <P Name="SID">117</P>
    <P Name="Type">LIBRARY_BLOCK</P>
  </ExternalFileReference>
  <ExternalFileReference>
    <P Name="Reference">sm_lib/Body Elements/Solid</P>
    <P Name="Path">$bdroot/Linkage_3/platform_rods_1_RIGID/Solid</P>
    <P Name="SID">118</P>
    <P Name="Type">LIBRARY_BLOCK</P>
  </ExternalFileReference>
  <ExternalFileReference>
    <P Name="Reference">sm_lib/Frames and
Transforms/Rigid
Transform</P>
    <P Name="Path">$bdroot/Linkage_3/platform_rods_1_RIGID/Transform</P>
    <P Name="SID">119</P>
    <P Name="Type">LIBRARY_BLOCK</P>
  </ExternalFileReference>
  <ExternalFileReference>
    <P Name="Reference">sm_lib/Frames and
Transforms/Rigid
Transform</P>
    <P Name="Path">$bdroot/Linkage_3/platform_rods_1_RIGID/Transform1</P>
    <P Name="SID">120</P>
    <P Name="Type">LIBRARY_BLOCK</P>
  </ExternalFileReference>
  <ExternalFileReference>
    <P Name="Reference">sm_lib/Frames and
Transforms/Reference
Frame</P>
    <P Name="Path">$bdroot/Linkage_3/uxcell_SA5T_ball_1_RIGID/ReferenceFrame</P>
    <P Name="SID">239</P>
    <P Name="Type">LIBRARY_BLOCK</P>
  </ExternalFileReference>
  <ExternalFileReference>
    <P Name="Reference">sm_lib/Body Elements/Solid</P>
    <P Name="Path">$bdroot/Linkage_3/uxcell_SA5T_ball_1_RIGID/Solid</P>
    <P Name="SID">240</P>
    <P Name="Type">LIBRARY_BLOCK</P>
  </ExternalFileReference>
  <ExternalFileReference>
    <P Name="Reference">sm_lib/Frames and
Transforms/Rigid
Transform</P>
    <P Name="Path">$bdroot/Linkage_3/uxcell_SA5T_ball_1_RIGID/Transform</P>
    <P Name="SID">241</P>
    <P Name="Type">LIBRARY_BLOCK</P>
  </ExternalFileReference>
  <ExternalFileReference>
    <P Name="Reference">sm_lib/Frames and
Transforms/Rigid
Transform</P>
    <P Name="Path">$bdroot/Linkage_3/uxcell_SA5T_ball_1_RIGID/Transform1</P>
    <P Name="SID">242</P>
    <P Name="Type">LIBRARY_BLOCK</P>
  </ExternalFileReference>
  <ExternalFileReference>
    <P Name="Reference">sm_lib/Frames and
Transforms/Reference
Frame</P>
    <P Name="Path">$bdroot/Linkage_3/uxcell_SA5T_ball_2_RIGID/ReferenceFrame</P>
    <P Name="SID">245</P>
    <P Name="Type">LIBRARY_BLOCK</P>
  </ExternalFileReference>
  <ExternalFileReference>
    <P Name="Reference">sm_lib/Body Elements/Solid</P>
    <P Name="Path">$bdroot/Linkage_3/uxcell_SA5T_ball_2_RIGID/Solid</P>
    <P Name="SID">246</P>
    <P Name="Type">LIBRARY_BLOCK</P>
  </ExternalFileReference>
  <ExternalFileReference>
    <P Name="Reference">sm_lib/Frames and
Transforms/Rigid
Transform</P>
    <P Name="Path">$bdroot/Linkage_3/uxcell_SA5T_ball_2_RIGID/Transform</P>
    <P Name="SID">247</P>
    <P Name="Type">LIBRARY_BLOCK</P>
  </ExternalFileReference>
  <ExternalFileReference>
    <P Name="Reference">sm_lib/Frames and
Transforms/Rigid
Transform</P>
    <P Name="Path">$bdroot/Linkage_3/uxcell_SA5T_ball_2_RIGID/Transform1</P>
    <P Name="SID">248</P>
    <P Name="Type">LIBRARY_BLOCK</P>
  </ExternalFileReference>
  <ExternalFileReference>
    <P Name="Reference">sm_lib/Frames and
Transforms/Reference
Frame</P>
    <P Name="Path">$bdroot/Linkage_3/uxcell_SA5T_ball_joint_housing_1_RIGID/ReferenceFrame</P>
    <P Name="SID">311</P>
    <P Name="Type">LIBRARY_BLOCK</P>
  </ExternalFileReference>
  <ExternalFileReference>
    <P Name="Reference">sm_lib/Body Elements/Solid</P>
    <P Name="Path">$bdroot/Linkage_3/uxcell_SA5T_ball_joint_housing_1_RIGID/Solid</P>
    <P Name="SID">312</P>
    <P Name="Type">LIBRARY_BLOCK</P>
  </ExternalFileReference>
  <ExternalFileReference>
    <P Name="Reference">sm_lib/Frames and
Transforms/Rigid
Transform</P>
    <P Name="Path">$bdroot/Linkage_3/uxcell_SA5T_ball_joint_housing_1_RIGID/Transform</P>
    <P Name="SID">313</P>
    <P Name="Type">LIBRARY_BLOCK</P>
  </ExternalFileReference>
  <ExternalFileReference>
    <P Name="Reference">sm_lib/Frames and
Transforms/Rigid
Transform</P>
    <P Name="Path">$bdroot/Linkage_3/uxcell_SA5T_ball_joint_housing_1_RIGID/Transform1</P>
    <P Name="SID">314</P>
    <P Name="Type">LIBRARY_BLOCK</P>
  </ExternalFileReference>
  <ExternalFileReference>
    <P Name="Reference">sm_lib/Frames and
Transforms/Reference
Frame</P>
    <P Name="Path">$bdroot/Linkage_3/uxcell_SA5T_ball_joint_housing_2_RIGID/ReferenceFrame</P>
    <P Name="SID">317</P>
    <P Name="Type">LIBRARY_BLOCK</P>
  </ExternalFileReference>
  <ExternalFileReference>
    <P Name="Reference">sm_lib/Body Elements/Solid</P>
    <P Name="Path">$bdroot/Linkage_3/uxcell_SA5T_ball_joint_housing_2_RIGID/Solid</P>
    <P Name="SID">318</P>
    <P Name="Type">LIBRARY_BLOCK</P>
  </ExternalFileReference>
  <ExternalFileReference>
    <P Name="Reference">sm_lib/Frames and
Transforms/Rigid
Transform</P>
    <P Name="Path">$bdroot/Linkage_3/uxcell_SA5T_ball_joint_housing_2_RIGID/Transform</P>
    <P Name="SID">319</P>
    <P Name="Type">LIBRARY_BLOCK</P>
  </ExternalFileReference>
  <ExternalFileReference>
    <P Name="Reference">sm_lib/Frames and
Transforms/Rigid
Transform</P>
    <P Name="Path">$bdroot/Linkage_3/uxcell_SA5T_ball_joint_housing_2_RIGID/Transform1</P>
    <P Name="SID">320</P>
    <P Name="Type">LIBRARY_BLOCK</P>
  </ExternalFileReference>
  <ExternalFileReference>
    <P Name="Reference">sm_lib/Joints/Revolute Joint</P>
    <P Name="Path">$bdroot/Linkage_4/Revolute4</P>
    <P Name="SID">14</P>
    <P Name="Type">LIBRARY_BLOCK</P>
  </ExternalFileReference>
  <ExternalFileReference>
    <P Name="Reference">sm_lib/Joints/Revolute Joint</P>
    <P Name="Path">$bdroot/Linkage_4/Revolute9</P>
    <P Name="SID">19</P>
    <P Name="Type">LIBRARY_BLOCK</P>
  </ExternalFileReference>
  <ExternalFileReference>
    <P Name="Reference">sm_lib/Joints/Spherical
Joint</P>
    <P Name="Path">$bdroot/Linkage_4/Spherical Joint6</P>
    <P Name="SID">385</P>
    <P Name="Type">LIBRARY_BLOCK</P>
  </ExternalFileReference>
  <ExternalFileReference>
    <P Name="Reference">sm_lib/Joints/Spherical
Joint</P>
    <P Name="Path">$bdroot/Linkage_4/Spherical Joint7</P>
    <P Name="SID">386</P>
    <P Name="Type">LIBRARY_BLOCK</P>
  </ExternalFileReference>
  <ExternalFileReference>
    <P Name="Reference">sm_lib/Frames and
Transforms/Reference
Frame</P>
    <P Name="Path">$bdroot/Linkage_4/platform_rods_2_RIGID/ReferenceFrame</P>
    <P Name="SID">123</P>
    <P Name="Type">LIBRARY_BLOCK</P>
  </ExternalFileReference>
  <ExternalFileReference>
    <P Name="Reference">sm_lib/Body Elements/Solid</P>
    <P Name="Path">$bdroot/Linkage_4/platform_rods_2_RIGID/Solid</P>
    <P Name="SID">124</P>
    <P Name="Type">LIBRARY_BLOCK</P>
  </ExternalFileReference>
  <ExternalFileReference>
    <P Name="Reference">sm_lib/Frames and
Transforms/Rigid
Transform</P>
    <P Name="Path">$bdroot/Linkage_4/platform_rods_2_RIGID/Transform</P>
    <P Name="SID">125</P>
    <P Name="Type">LIBRARY_BLOCK</P>
  </ExternalFileReference>
  <ExternalFileReference>
    <P Name="Reference">sm_lib/Frames and
Transforms/Rigid
Transform</P>
    <P Name="Path">$bdroot/Linkage_4/platform_rods_2_RIGID/Transform1</P>
    <P Name="SID">126</P>
    <P Name="Type">LIBRARY_BLOCK</P>
  </ExternalFileReference>
  <ExternalFileReference>
    <P Name="Reference">sm_lib/Frames and
Transforms/Reference
Frame</P>
    <P Name="Path">$bdroot/Linkage_4/uxcell_SA5T_ball_3_RIGID/ReferenceFrame</P>
    <P Name="SID">251</P>
    <P Name="Type">LIBRARY_BLOCK</P>
  </ExternalFileReference>
  <ExternalFileReference>
    <P Name="Reference">sm_lib/Body Elements/Solid</P>
    <P Name="Path">$bdroot/Linkage_4/uxcell_SA5T_ball_3_RIGID/Solid</P>
    <P Name="SID">252</P>
    <P Name="Type">LIBRARY_BLOCK</P>
  </ExternalFileReference>
  <ExternalFileReference>
    <P Name="Reference">sm_lib/Frames and
Transforms/Rigid
Transform</P>
    <P Name="Path">$bdroot/Linkage_4/uxcell_SA5T_ball_3_RIGID/Transform</P>
    <P Name="SID">253</P>
    <P Name="Type">LIBRARY_BLOCK</P>
  </ExternalFileReference>
  <ExternalFileReference>
    <P Name="Reference">sm_lib/Frames and
Transforms/Rigid
Transform</P>
    <P Name="Path">$bdroot/Linkage_4/uxcell_SA5T_ball_3_RIGID/Transform1</P>
    <P Name="SID">254</P>
    <P Name="Type">LIBRARY_BLOCK</P>
  </ExternalFileReference>
  <ExternalFileReference>
    <P Name="Reference">sm_lib/Frames and
Transforms/Reference
Frame</P>
    <P Name="Path">$bdroot/Linkage_4/uxcell_SA5T_ball_4_RIGID/ReferenceFrame</P>
    <P Name="SID">257</P>
    <P Name="Type">LIBRARY_BLOCK</P>
  </ExternalFileReference>
  <ExternalFileReference>
    <P Name="Reference">sm_lib/Body Elements/Solid</P>
    <P Name="Path">$bdroot/Linkage_4/uxcell_SA5T_ball_4_RIGID/Solid</P>
    <P Name="SID">258</P>
    <P Name="Type">LIBRARY_BLOCK</P>
  </ExternalFileReference>
  <ExternalFileReference>
    <P Name="Reference">sm_lib/Frames and
Transforms/Rigid
Transform</P>
    <P Name="Path">$bdroot/Linkage_4/uxcell_SA5T_ball_4_RIGID/Transform</P>
    <P Name="SID">259</P>
    <P Name="Type">LIBRARY_BLOCK</P>
  </ExternalFileReference>
  <ExternalFileReference>
    <P Name="Reference">sm_lib/Frames and
Transforms/Rigid
Transform</P>
    <P Name="Path">$bdroot/Linkage_4/uxcell_SA5T_ball_4_RIGID/Transform1</P>
    <P Name="SID">260</P>
    <P Name="Type">LIBRARY_BLOCK</P>
  </ExternalFileReference>
  <ExternalFileReference>
    <P Name="Reference">sm_lib/Frames and
Transforms/Reference
Frame</P>
    <P Name="Path">$bdroot/Linkage_4/uxcell_SA5T_ball_joint_housing_3_RIGID/ReferenceFrame</P>
    <P Name="SID">323</P>
    <P Name="Type">LIBRARY_BLOCK</P>
  </ExternalFileReference>
  <ExternalFileReference>
    <P Name="Reference">sm_lib/Body Elements/Solid</P>
    <P Name="Path">$bdroot/Linkage_4/uxcell_SA5T_ball_joint_housing_3_RIGID/Solid</P>
    <P Name="SID">324</P>
    <P Name="Type">LIBRARY_BLOCK</P>
  </ExternalFileReference>
  <ExternalFileReference>
    <P Name="Reference">sm_lib/Frames and
Transforms/Rigid
Transform</P>
    <P Name="Path">$bdroot/Linkage_4/uxcell_SA5T_ball_joint_housing_3_RIGID/Transform</P>
    <P Name="SID">325</P>
    <P Name="Type">LIBRARY_BLOCK</P>
  </ExternalFileReference>
  <ExternalFileReference>
    <P Name="Reference">sm_lib/Frames and
Transforms/Rigid
Transform</P>
    <P Name="Path">$bdroot/Linkage_4/uxcell_SA5T_ball_joint_housing_3_RIGID/Transform1</P>
    <P Name="SID">326</P>
    <P Name="Type">LIBRARY_BLOCK</P>
  </ExternalFileReference>
  <ExternalFileReference>
    <P Name="Reference">sm_lib/Frames and
Transforms/Reference
Frame</P>
    <P Name="Path">$bdroot/Linkage_4/uxcell_SA5T_ball_joint_housing_4_RIGID/ReferenceFrame</P>
    <P Name="SID">329</P>
    <P Name="Type">LIBRARY_BLOCK</P>
  </ExternalFileReference>
  <ExternalFileReference>
    <P Name="Reference">sm_lib/Body Elements/Solid</P>
    <P Name="Path">$bdroot/Linkage_4/uxcell_SA5T_ball_joint_housing_4_RIGID/Solid</P>
    <P Name="SID">330</P>
    <P Name="Type">LIBRARY_BLOCK</P>
  </ExternalFileReference>
  <ExternalFileReference>
    <P Name="Reference">sm_lib/Frames and
Transforms/Rigid
Transform</P>
    <P Name="Path">$bdroot/Linkage_4/uxcell_SA5T_ball_joint_housing_4_RIGID/Transform</P>
    <P Name="SID">331</P>
    <P Name="Type">LIBRARY_BLOCK</P>
  </ExternalFileReference>
  <ExternalFileReference>
    <P Name="Reference">sm_lib/Frames and
Transforms/Rigid
Transform</P>
    <P Name="Path">$bdroot/Linkage_4/uxcell_SA5T_ball_joint_housing_4_RIGID/Transform1</P>
    <P Name="SID">332</P>
    <P Name="Type">LIBRARY_BLOCK</P>
  </ExternalFileReference>
  <ExternalFileReference>
    <P Name="Reference">sm_lib/Joints/Revolute Joint</P>
    <P Name="Path">$bdroot/Linkage_5/Revolute11</P>
    <P Name="SID">5</P>
    <P Name="Type">LIBRARY_BLOCK</P>
  </ExternalFileReference>
  <ExternalFileReference>
    <P Name="Reference">sm_lib/Joints/Revolute Joint</P>
    <P Name="Path">$bdroot/Linkage_5/Revolute5</P>
    <P Name="SID">15</P>
    <P Name="Type">LIBRARY_BLOCK</P>
  </ExternalFileReference>
  <ExternalFileReference>
    <P Name="Reference">sm_lib/Joints/Spherical
Joint</P>
    <P Name="Path">$bdroot/Linkage_5/Spherical Joint4</P>
    <P Name="SID">383</P>
    <P Name="Type">LIBRARY_BLOCK</P>
  </ExternalFileReference>
  <ExternalFileReference>
    <P Name="Reference">sm_lib/Joints/Spherical
Joint</P>
    <P Name="Path">$bdroot/Linkage_5/Spherical Joint5</P>
    <P Name="SID">384</P>
    <P Name="Type">LIBRARY_BLOCK</P>
  </ExternalFileReference>
  <ExternalFileReference>
    <P Name="Reference">sm_lib/Frames and
Transforms/Reference
Frame</P>
    <P Name="Path">$bdroot/Linkage_5/platform_rods_4_RIGID/ReferenceFrame</P>
    <P Name="SID">135</P>
    <P Name="Type">LIBRARY_BLOCK</P>
  </ExternalFileReference>
  <ExternalFileReference>
    <P Name="Reference">sm_lib/Body Elements/Solid</P>
    <P Name="Path">$bdroot/Linkage_5/platform_rods_4_RIGID/Solid</P>
    <P Name="SID">136</P>
    <P Name="Type">LIBRARY_BLOCK</P>
  </ExternalFileReference>
  <ExternalFileReference>
    <P Name="Reference">sm_lib/Frames and
Transforms/Rigid
Transform</P>
    <P Name="Path">$bdroot/Linkage_5/platform_rods_4_RIGID/Transform</P>
    <P Name="SID">137</P>
    <P Name="Type">LIBRARY_BLOCK</P>
  </ExternalFileReference>
  <ExternalFileReference>
    <P Name="Reference">sm_lib/Frames and
Transforms/Rigid
Transform</P>
    <P Name="Path">$bdroot/Linkage_5/platform_rods_4_RIGID/Transform1</P>
    <P Name="SID">138</P>
    <P Name="Type">LIBRARY_BLOCK</P>
  </ExternalFileReference>
  <ExternalFileReference>
    <P Name="Reference">sm_lib/Frames and
Transforms/Reference
Frame</P>
    <P Name="Path">$bdroot/Linkage_5/uxcell_SA5T_ball_7_RIGID/ReferenceFrame</P>
    <P Name="SID">275</P>
    <P Name="Type">LIBRARY_BLOCK</P>
  </ExternalFileReference>
  <ExternalFileReference>
    <P Name="Reference">sm_lib/Body Elements/Solid</P>
    <P Name="Path">$bdroot/Linkage_5/uxcell_SA5T_ball_7_RIGID/Solid</P>
    <P Name="SID">276</P>
    <P Name="Type">LIBRARY_BLOCK</P>
  </ExternalFileReference>
  <ExternalFileReference>
    <P Name="Reference">sm_lib/Frames and
Transforms/Rigid
Transform</P>
    <P Name="Path">$bdroot/Linkage_5/uxcell_SA5T_ball_7_RIGID/Transform</P>
    <P Name="SID">277</P>
    <P Name="Type">LIBRARY_BLOCK</P>
  </ExternalFileReference>
  <ExternalFileReference>
    <P Name="Reference">sm_lib/Frames and
Transforms/Rigid
Transform</P>
    <P Name="Path">$bdroot/Linkage_5/uxcell_SA5T_ball_7_RIGID/Transform1</P>
    <P Name="SID">278</P>
    <P Name="Type">LIBRARY_BLOCK</P>
  </ExternalFileReference>
  <ExternalFileReference>
    <P Name="Reference">sm_lib/Frames and
Transforms/Reference
Frame</P>
    <P Name="Path">$bdroot/Linkage_5/uxcell_SA5T_ball_8_RIGID/ReferenceFrame</P>
    <P Name="SID">281</P>
    <P Name="Type">LIBRARY_BLOCK</P>
  </ExternalFileReference>
  <ExternalFileReference>
    <P Name="Reference">sm_lib/Body Elements/Solid</P>
    <P Name="Path">$bdroot/Linkage_5/uxcell_SA5T_ball_8_RIGID/Solid</P>
    <P Name="SID">282</P>
    <P Name="Type">LIBRARY_BLOCK</P>
  </ExternalFileReference>
  <ExternalFileReference>
    <P Name="Reference">sm_lib/Frames and
Transforms/Rigid
Transform</P>
    <P Name="Path">$bdroot/Linkage_5/uxcell_SA5T_ball_8_RIGID/Transform</P>
    <P Name="SID">283</P>
    <P Name="Type">LIBRARY_BLOCK</P>
  </ExternalFileReference>
  <ExternalFileReference>
    <P Name="Reference">sm_lib/Frames and
Transforms/Rigid
Transform</P>
    <P Name="Path">$bdroot/Linkage_5/uxcell_SA5T_ball_8_RIGID/Transform1</P>
    <P Name="SID">284</P>
    <P Name="Type">LIBRARY_BLOCK</P>
  </ExternalFileReference>
  <ExternalFileReference>
    <P Name="Reference">sm_lib/Frames and
Transforms/Reference
Frame</P>
    <P Name="Path">$bdroot/Linkage_5/uxcell_SA5T_ball_joint_housing_7_RIGID/ReferenceFrame</P>
    <P Name="SID">347</P>
    <P Name="Type">LIBRARY_BLOCK</P>
  </ExternalFileReference>
  <ExternalFileReference>
    <P Name="Reference">sm_lib/Body Elements/Solid</P>
    <P Name="Path">$bdroot/Linkage_5/uxcell_SA5T_ball_joint_housing_7_RIGID/Solid</P>
    <P Name="SID">348</P>
    <P Name="Type">LIBRARY_BLOCK</P>
  </ExternalFileReference>
  <ExternalFileReference>
    <P Name="Reference">sm_lib/Frames and
Transforms/Rigid
Transform</P>
    <P Name="Path">$bdroot/Linkage_5/uxcell_SA5T_ball_joint_housing_7_RIGID/Transform</P>
    <P Name="SID">349</P>
    <P Name="Type">LIBRARY_BLOCK</P>
  </ExternalFileReference>
  <ExternalFileReference>
    <P Name="Reference">sm_lib/Frames and
Transforms/Rigid
Transform</P>
    <P Name="Path">$bdroot/Linkage_5/uxcell_SA5T_ball_joint_housing_7_RIGID/Transform1</P>
    <P Name="SID">350</P>
    <P Name="Type">LIBRARY_BLOCK</P>
  </ExternalFileReference>
  <ExternalFileReference>
    <P Name="Reference">sm_lib/Frames and
Transforms/Reference
Frame</P>
    <P Name="Path">$bdroot/Linkage_5/uxcell_SA5T_ball_joint_housing_8_RIGID/ReferenceFrame</P>
    <P Name="SID">353</P>
    <P Name="Type">LIBRARY_BLOCK</P>
  </ExternalFileReference>
  <ExternalFileReference>
    <P Name="Reference">sm_lib/Body Elements/Solid</P>
    <P Name="Path">$bdroot/Linkage_5/uxcell_SA5T_ball_joint_housing_8_RIGID/Solid</P>
    <P Name="SID">354</P>
    <P Name="Type">LIBRARY_BLOCK</P>
  </ExternalFileReference>
  <ExternalFileReference>
    <P Name="Reference">sm_lib/Frames and
Transforms/Rigid
Transform</P>
    <P Name="Path">$bdroot/Linkage_5/uxcell_SA5T_ball_joint_housing_8_RIGID/Transform</P>
    <P Name="SID">355</P>
    <P Name="Type">LIBRARY_BLOCK</P>
  </ExternalFileReference>
  <ExternalFileReference>
    <P Name="Reference">sm_lib/Frames and
Transforms/Rigid
Transform</P>
    <P Name="Path">$bdroot/Linkage_5/uxcell_SA5T_ball_joint_housing_8_RIGID/Transform1</P>
    <P Name="SID">356</P>
    <P Name="Type">LIBRARY_BLOCK</P>
  </ExternalFileReference>
  <ExternalFileReference>
    <P Name="Reference">sm_lib/Joints/Revolute Joint</P>
    <P Name="Path">$bdroot/Linkage_6/Revolute12</P>
    <P Name="SID">6</P>
    <P Name="Type">LIBRARY_BLOCK</P>
  </ExternalFileReference>
  <ExternalFileReference>
    <P Name="Reference">sm_lib/Joints/Revolute Joint</P>
    <P Name="Path">$bdroot/Linkage_6/Revolute7</P>
    <P Name="SID">17</P>
    <P Name="Type">LIBRARY_BLOCK</P>
  </ExternalFileReference>
  <ExternalFileReference>
    <P Name="Reference">sm_lib/Joints/Spherical
Joint</P>
    <P Name="Path">$bdroot/Linkage_6/Spherical Joint2</P>
    <P Name="SID">381</P>
    <P Name="Type">LIBRARY_BLOCK</P>
  </ExternalFileReference>
  <ExternalFileReference>
    <P Name="Reference">sm_lib/Joints/Spherical
Joint</P>
    <P Name="Path">$bdroot/Linkage_6/Spherical Joint3</P>
    <P Name="SID">382</P>
    <P Name="Type">LIBRARY_BLOCK</P>
  </ExternalFileReference>
  <ExternalFileReference>
    <P Name="Reference">sm_lib/Frames and
Transforms/Reference
Frame</P>
    <P Name="Path">$bdroot/Linkage_6/platform_rods_5_RIGID/ReferenceFrame</P>
    <P Name="SID">141</P>
    <P Name="Type">LIBRARY_BLOCK</P>
  </ExternalFileReference>
  <ExternalFileReference>
    <P Name="Reference">sm_lib/Body Elements/Solid</P>
    <P Name="Path">$bdroot/Linkage_6/platform_rods_5_RIGID/Solid</P>
    <P Name="SID">142</P>
    <P Name="Type">LIBRARY_BLOCK</P>
  </ExternalFileReference>
  <ExternalFileReference>
    <P Name="Reference">sm_lib/Frames and
Transforms/Rigid
Transform</P>
    <P Name="Path">$bdroot/Linkage_6/platform_rods_5_RIGID/Transform</P>
    <P Name="SID">143</P>
    <P Name="Type">LIBRARY_BLOCK</P>
  </ExternalFileReference>
  <ExternalFileReference>
    <P Name="Reference">sm_lib/Frames and
Transforms/Rigid
Transform</P>
    <P Name="Path">$bdroot/Linkage_6/platform_rods_5_RIGID/Transform1</P>
    <P Name="SID">144</P>
    <P Name="Type">LIBRARY_BLOCK</P>
  </ExternalFileReference>
  <ExternalFileReference>
    <P Name="Reference">sm_lib/Frames and
Transforms/Reference
Frame</P>
    <P Name="Path">$bdroot/Linkage_6/uxcell_SA5T_ball_10_RIGID/ReferenceFrame</P>
    <P Name="SID">221</P>
    <P Name="Type">LIBRARY_BLOCK</P>
  </ExternalFileReference>
  <ExternalFileReference>
    <P Name="Reference">sm_lib/Body Elements/Solid</P>
    <P Name="Path">$bdroot/Linkage_6/uxcell_SA5T_ball_10_RIGID/Solid</P>
    <P Name="SID">222</P>
    <P Name="Type">LIBRARY_BLOCK</P>
  </ExternalFileReference>
  <ExternalFileReference>
    <P Name="Reference">sm_lib/Frames and
Transforms/Rigid
Transform</P>
    <P Name="Path">$bdroot/Linkage_6/uxcell_SA5T_ball_10_RIGID/Transform</P>
    <P Name="SID">223</P>
    <P Name="Type">LIBRARY_BLOCK</P>
  </ExternalFileReference>
  <ExternalFileReference>
    <P Name="Reference">sm_lib/Frames and
Transforms/Rigid
Transform</P>
    <P Name="Path">$bdroot/Linkage_6/uxcell_SA5T_ball_10_RIGID/Transform1</P>
    <P Name="SID">224</P>
    <P Name="Type">LIBRARY_BLOCK</P>
  </ExternalFileReference>
  <ExternalFileReference>
    <P Name="Reference">sm_lib/Frames and
Transforms/Reference
Frame</P>
    <P Name="Path">$bdroot/Linkage_6/uxcell_SA5T_ball_9_RIGID/ReferenceFrame</P>
    <P Name="SID">287</P>
    <P Name="Type">LIBRARY_BLOCK</P>
  </ExternalFileReference>
  <ExternalFileReference>
    <P Name="Reference">sm_lib/Body Elements/Solid</P>
    <P Name="Path">$bdroot/Linkage_6/uxcell_SA5T_ball_9_RIGID/Solid</P>
    <P Name="SID">288</P>
    <P Name="Type">LIBRARY_BLOCK</P>
  </ExternalFileReference>
  <ExternalFileReference>
    <P Name="Reference">sm_lib/Frames and
Transforms/Rigid
Transform</P>
    <P Name="Path">$bdroot/Linkage_6/uxcell_SA5T_ball_9_RIGID/Transform</P>
    <P Name="SID">289</P>
    <P Name="Type">LIBRARY_BLOCK</P>
  </ExternalFileReference>
  <ExternalFileReference>
    <P Name="Reference">sm_lib/Frames and
Transforms/Rigid
Transform</P>
    <P Name="Path">$bdroot/Linkage_6/uxcell_SA5T_ball_9_RIGID/Transform1</P>
    <P Name="SID">290</P>
    <P Name="Type">LIBRARY_BLOCK</P>
  </ExternalFileReference>
  <ExternalFileReference>
    <P Name="Reference">sm_lib/Frames and
Transforms/Reference
Frame</P>
    <P Name="Path">$bdroot/Linkage_6/uxcell_SA5T_ball_joint_housing_10_RIGID/ReferenceFrame</P>
    <P Name="SID">293</P>
    <P Name="Type">LIBRARY_BLOCK</P>
  </ExternalFileReference>
  <ExternalFileReference>
    <P Name="Reference">sm_lib/Body Elements/Solid</P>
    <P Name="Path">$bdroot/Linkage_6/uxcell_SA5T_ball_joint_housing_10_RIGID/Solid</P>
    <P Name="SID">294</P>
    <P Name="Type">LIBRARY_BLOCK</P>
  </ExternalFileReference>
  <ExternalFileReference>
    <P Name="Reference">sm_lib/Frames and
Transforms/Rigid
Transform</P>
    <P Name="Path">$bdroot/Linkage_6/uxcell_SA5T_ball_joint_housing_10_RIGID/Transform</P>
    <P Name="SID">295</P>
    <P Name="Type">LIBRARY_BLOCK</P>
  </ExternalFileReference>
  <ExternalFileReference>
    <P Name="Reference">sm_lib/Frames and
Transforms/Rigid
Transform</P>
    <P Name="Path">$bdroot/Linkage_6/uxcell_SA5T_ball_joint_housing_10_RIGID/Transform1</P>
    <P Name="SID">296</P>
    <P Name="Type">LIBRARY_BLOCK</P>
  </ExternalFileReference>
  <ExternalFileReference>
    <P Name="Reference">sm_lib/Frames and
Transforms/Reference
Frame</P>
    <P Name="Path">$bdroot/Linkage_6/uxcell_SA5T_ball_joint_housing_9_RIGID/ReferenceFrame</P>
    <P Name="SID">359</P>
    <P Name="Type">LIBRARY_BLOCK</P>
  </ExternalFileReference>
  <ExternalFileReference>
    <P Name="Reference">sm_lib/Body Elements/Solid</P>
    <P Name="Path">$bdroot/Linkage_6/uxcell_SA5T_ball_joint_housing_9_RIGID/Solid</P>
    <P Name="SID">360</P>
    <P Name="Type">LIBRARY_BLOCK</P>
  </ExternalFileReference>
  <ExternalFileReference>
    <P Name="Reference">sm_lib/Frames and
Transforms/Rigid
Transform</P>
    <P Name="Path">$bdroot/Linkage_6/uxcell_SA5T_ball_joint_housing_9_RIGID/Transform</P>
    <P Name="SID">361</P>
    <P Name="Type">LIBRARY_BLOCK</P>
  </ExternalFileReference>
  <ExternalFileReference>
    <P Name="Reference">sm_lib/Frames and
Transforms/Rigid
Transform</P>
    <P Name="Path">$bdroot/Linkage_6/uxcell_SA5T_ball_joint_housing_9_RIGID/Transform1</P>
    <P Name="SID">362</P>
    <P Name="Type">LIBRARY_BLOCK</P>
  </ExternalFileReference>
  <ExternalFileReference>
    <P Name="Reference">sm_lib/Utilities/Mechanism
Configuration</P>
    <P Name="Path">$bdroot/MechanismConfiguration</P>
    <P Name="SID">1</P>
    <P Name="Type">LIBRARY_BLOCK</P>
  </ExternalFileReference>
  <ExternalFileReference>
    <P Name="Reference">nesl_utility/PS-Simulink
Converter</P>
    <P Name="Path">$bdroot/PS-Simulink Converter</P>
    <P Name="SID">408</P>
    <P Name="Type">LIBRARY_BLOCK</P>
  </ExternalFileReference>
  <ExternalFileReference>
    <P Name="Reference">nesl_utility/PS-Simulink
Converter</P>
    <P Name="Path">$bdroot/PS-Simulink Converter1</P>
    <P Name="SID">465</P>
    <P Name="Type">LIBRARY_BLOCK</P>
  </ExternalFileReference>
  <ExternalFileReference>
    <P Name="Reference">nesl_utility/PS-Simulink
Converter</P>
    <P Name="Path">$bdroot/PS-Simulink Converter2</P>
    <P Name="SID">466</P>
    <P Name="Type">LIBRARY_BLOCK</P>
  </ExternalFileReference>
  <ExternalFileReference>
    <P Name="Reference">nesl_utility/PS-Simulink
Converter</P>
    <P Name="Path">$bdroot/PS-Simulink Converter3</P>
    <P Name="SID">467</P>
    <P Name="Type">LIBRARY_BLOCK</P>
  </ExternalFileReference>
  <ExternalFileReference>
    <P Name="Reference">nesl_utility/PS-Simulink
Converter</P>
    <P Name="Path">$bdroot/PS-Simulink Converter4</P>
    <P Name="SID">468</P>
    <P Name="Type">LIBRARY_BLOCK</P>
  </ExternalFileReference>
  <ExternalFileReference>
    <P Name="Reference">nesl_utility/PS-Simulink
Converter</P>
    <P Name="Path">$bdroot/PS-Simulink Converter5</P>
    <P Name="SID">469</P>
    <P Name="Type">LIBRARY_BLOCK</P>
  </ExternalFileReference>
  <ExternalFileReference>
    <P Name="Reference">nesl_utility/PS-Simulink
Converter</P>
    <P Name="Path">$bdroot/PS-Simulink Converter6</P>
    <P Name="SID">470</P>
    <P Name="Type">LIBRARY_BLOCK</P>
  </ExternalFileReference>
  <ExternalFileReference>
    <P Name="Reference">nesl_utility/PS-Simulink
Converter</P>
    <P Name="Path">$bdroot/PS-Simulink Converter7</P>
    <P Name="SID">476</P>
    <P Name="Type">LIBRARY_BLOCK</P>
  </ExternalFileReference>
  <ExternalFileReference>
    <P Name="Reference">nesl_utility/PS-Simulink
Converter</P>
    <P Name="Path">$bdroot/PS-Simulink Converter8</P>
    <P Name="SID">477</P>
    <P Name="Type">LIBRARY_BLOCK</P>
  </ExternalFileReference>
  <ExternalFileReference>
    <P Name="Reference">nesl_utility/PS-Simulink
Converter</P>
    <P Name="Path">$bdroot/PS-Simulink Converter9</P>
    <P Name="SID">478</P>
    <P Name="Type">LIBRARY_BLOCK</P>
  </ExternalFileReference>
  <ExternalFileReference>
    <P Name="Reference">sm_lib/Joints/Revolute Joint</P>
    <P Name="Path">$bdroot/Revolute14</P>
    <P Name="SID">8</P>
    <P Name="Type">LIBRARY_BLOCK</P>
  </ExternalFileReference>
  <ExternalFileReference>
    <P Name="Reference">sm_lib/Joints/Revolute Joint</P>
    <P Name="Path">$bdroot/Revolute15</P>
    <P Name="SID">9</P>
    <P Name="Type">LIBRARY_BLOCK</P>
  </ExternalFileReference>
  <ExternalFileReference>
    <P Name="Reference">sm_lib/Joints/Revolute Joint</P>
    <P Name="Path">$bdroot/Revolute16</P>
    <P Name="SID">10</P>
    <P Name="Type">LIBRARY_BLOCK</P>
  </ExternalFileReference>
  <ExternalFileReference>
    <P Name="Reference">sm_lib/Joints/Revolute Joint</P>
    <P Name="Path">$bdroot/Revolute17</P>
    <P Name="SID">11</P>
    <P Name="Type">LIBRARY_BLOCK</P>
  </ExternalFileReference>
  <ExternalFileReference>
    <P Name="Reference">sm_lib/Joints/Revolute Joint</P>
    <P Name="Path">$bdroot/Revolute3</P>
    <P Name="SID">13</P>
    <P Name="Type">LIBRARY_BLOCK</P>
  </ExternalFileReference>
  <ExternalFileReference>
    <P Name="Reference">sm_lib/Joints/Revolute Joint</P>
    <P Name="Path">$bdroot/Revolute6</P>
    <P Name="SID">16</P>
    <P Name="Type">LIBRARY_BLOCK</P>
  </ExternalFileReference>
  <ExternalFileReference>
    <P Name="Reference">sm_lib/Frames and
Transforms/Rigid
Transform</P>
    <P Name="Path">$bdroot/Rigid Transform  (View Only, Fixed)</P>
    <P Name="SID">446</P>
    <P Name="Type">LIBRARY_BLOCK</P>
  </ExternalFileReference>
  <ExternalFileReference>
    <P Name="Reference">sm_lib/Frames and
Transforms/Reference
Frame</P>
    <P Name="Path">$bdroot/Servo_Motor_10_RIGID/ReferenceFrame</P>
    <P Name="SID">84</P>
    <P Name="Type">LIBRARY_BLOCK</P>
  </ExternalFileReference>
  <ExternalFileReference>
    <P Name="Reference">sm_lib/Body Elements/Solid</P>
    <P Name="Path">$bdroot/Servo_Motor_10_RIGID/Solid</P>
    <P Name="SID">85</P>
    <P Name="Type">LIBRARY_BLOCK</P>
  </ExternalFileReference>
  <ExternalFileReference>
    <P Name="Reference">sm_lib/Frames and
Transforms/Rigid
Transform</P>
    <P Name="Path">$bdroot/Servo_Motor_10_RIGID/Transform</P>
    <P Name="SID">86</P>
    <P Name="Type">LIBRARY_BLOCK</P>
  </ExternalFileReference>
  <ExternalFileReference>
    <P Name="Reference">sm_lib/Frames and
Transforms/Reference
Frame</P>
    <P Name="Path">$bdroot/Servo_Motor_11_RIGID/ReferenceFrame</P>
    <P Name="SID">89</P>
    <P Name="Type">LIBRARY_BLOCK</P>
  </ExternalFileReference>
  <ExternalFileReference>
    <P Name="Reference">sm_lib/Body Elements/Solid</P>
    <P Name="Path">$bdroot/Servo_Motor_11_RIGID/Solid</P>
    <P Name="SID">90</P>
    <P Name="Type">LIBRARY_BLOCK</P>
  </ExternalFileReference>
  <ExternalFileReference>
    <P Name="Reference">sm_lib/Frames and
Transforms/Rigid
Transform</P>
    <P Name="Path">$bdroot/Servo_Motor_11_RIGID/Transform</P>
    <P Name="SID">91</P>
    <P Name="Type">LIBRARY_BLOCK</P>
  </ExternalFileReference>
  <ExternalFileReference>
    <P Name="Reference">sm_lib/Frames and
Transforms/Reference
Frame</P>
    <P Name="Path">$bdroot/Servo_Motor_1_RIGID/ReferenceFrame</P>
    <P Name="SID">94</P>
    <P Name="Type">LIBRARY_BLOCK</P>
  </ExternalFileReference>
  <ExternalFileReference>
    <P Name="Reference">sm_lib/Body Elements/Solid</P>
    <P Name="Path">$bdroot/Servo_Motor_1_RIGID/Solid</P>
    <P Name="SID">95</P>
    <P Name="Type">LIBRARY_BLOCK</P>
  </ExternalFileReference>
  <ExternalFileReference>
    <P Name="Reference">sm_lib/Frames and
Transforms/Rigid
Transform</P>
    <P Name="Path">$bdroot/Servo_Motor_1_RIGID/Transform</P>
    <P Name="SID">96</P>
    <P Name="Type">LIBRARY_BLOCK</P>
  </ExternalFileReference>
  <ExternalFileReference>
    <P Name="Reference">sm_lib/Frames and
Transforms/Reference
Frame</P>
    <P Name="Path">$bdroot/Servo_Motor_7_RIGID/ReferenceFrame</P>
    <P Name="SID">99</P>
    <P Name="Type">LIBRARY_BLOCK</P>
  </ExternalFileReference>
  <ExternalFileReference>
    <P Name="Reference">sm_lib/Body Elements/Solid</P>
    <P Name="Path">$bdroot/Servo_Motor_7_RIGID/Solid</P>
    <P Name="SID">100</P>
    <P Name="Type">LIBRARY_BLOCK</P>
  </ExternalFileReference>
  <ExternalFileReference>
    <P Name="Reference">sm_lib/Frames and
Transforms/Rigid
Transform</P>
    <P Name="Path">$bdroot/Servo_Motor_7_RIGID/Transform</P>
    <P Name="SID">101</P>
    <P Name="Type">LIBRARY_BLOCK</P>
  </ExternalFileReference>
  <ExternalFileReference>
    <P Name="Reference">sm_lib/Frames and
Transforms/Reference
Frame</P>
    <P Name="Path">$bdroot/Servo_Motor_8_RIGID/ReferenceFrame</P>
    <P Name="SID">104</P>
    <P Name="Type">LIBRARY_BLOCK</P>
  </ExternalFileReference>
  <ExternalFileReference>
    <P Name="Reference">sm_lib/Body Elements/Solid</P>
    <P Name="Path">$bdroot/Servo_Motor_8_RIGID/Solid</P>
    <P Name="SID">105</P>
    <P Name="Type">LIBRARY_BLOCK</P>
  </ExternalFileReference>
  <ExternalFileReference>
    <P Name="Reference">sm_lib/Frames and
Transforms/Rigid
Transform</P>
    <P Name="Path">$bdroot/Servo_Motor_8_RIGID/Transform</P>
    <P Name="SID">106</P>
    <P Name="Type">LIBRARY_BLOCK</P>
  </ExternalFileReference>
  <ExternalFileReference>
    <P Name="Reference">sm_lib/Frames and
Transforms/Reference
Frame</P>
    <P Name="Path">$bdroot/Servo_Motor_9_RIGID/ReferenceFrame</P>
    <P Name="SID">109</P>
    <P Name="Type">LIBRARY_BLOCK</P>
  </ExternalFileReference>
  <ExternalFileReference>
    <P Name="Reference">sm_lib/Body Elements/Solid</P>
    <P Name="Path">$bdroot/Servo_Motor_9_RIGID/Solid</P>
    <P Name="SID">110</P>
    <P Name="Type">LIBRARY_BLOCK</P>
  </ExternalFileReference>
  <ExternalFileReference>
    <P Name="Reference">sm_lib/Frames and
Transforms/Rigid
Transform</P>
    <P Name="Path">$bdroot/Servo_Motor_9_RIGID/Transform</P>
    <P Name="SID">111</P>
    <P Name="Type">LIBRARY_BLOCK</P>
  </ExternalFileReference>
  <ExternalFileReference>
    <P Name="Reference">nesl_utility/Simulink-PS
Converter</P>
    <P Name="Path">$bdroot/Simulink-PS Converter</P>
    <P Name="SID">366</P>
    <P Name="Type">LIBRARY_BLOCK</P>
  </ExternalFileReference>
  <ExternalFileReference>
    <P Name="Reference">nesl_utility/Simulink-PS
Converter</P>
    <P Name="Path">$bdroot/Simulink-PS Converter1</P>
    <P Name="SID">369</P>
    <P Name="Type">LIBRARY_BLOCK</P>
  </ExternalFileReference>
  <ExternalFileReference>
    <P Name="Reference">nesl_utility/Simulink-PS
Converter</P>
    <P Name="Path">$bdroot/Simulink-PS Converter2</P>
    <P Name="SID">371</P>
    <P Name="Type">LIBRARY_BLOCK</P>
  </ExternalFileReference>
  <ExternalFileReference>
    <P Name="Reference">nesl_utility/Simulink-PS
Converter</P>
    <P Name="Path">$bdroot/Simulink-PS Converter3</P>
    <P Name="SID">373</P>
    <P Name="Type">LIBRARY_BLOCK</P>
  </ExternalFileReference>
  <ExternalFileReference>
    <P Name="Reference">nesl_utility/Simulink-PS
Converter</P>
    <P Name="Path">$bdroot/Simulink-PS Converter4</P>
    <P Name="SID">375</P>
    <P Name="Type">LIBRARY_BLOCK</P>
  </ExternalFileReference>
  <ExternalFileReference>
    <P Name="Reference">nesl_utility/Simulink-PS
Converter</P>
    <P Name="Path">$bdroot/Simulink-PS Converter5</P>
    <P Name="SID">377</P>
    <P Name="Type">LIBRARY_BLOCK</P>
  </ExternalFileReference>
  <ExternalFileReference>
    <P Name="Reference">nesl_utility/Solver
Configuration</P>
    <P Name="Path">$bdroot/Solver Configuration</P>
    <P Name="SID">365</P>
    <P Name="Type">LIBRARY_BLOCK</P>
  </ExternalFileReference>
  <ExternalFileReference>
    <P Name="Reference">sm_lib/Frames and
Transforms/Rigid
Transform</P>
    <P Name="Path">$bdroot/Subsystem/Transform</P>
    <P Name="SID">26</P>
    <P Name="Type">LIBRARY_BLOCK</P>
  </ExternalFileReference>
  <ExternalFileReference>
    <P Name="Reference">sm_lib/Frames and
Transforms/Rigid
Transform</P>
    <P Name="Path">$bdroot/Subsystem/Transform2</P>
    <P Name="SID">31</P>
    <P Name="Type">LIBRARY_BLOCK</P>
  </ExternalFileReference>
  <ExternalFileReference>
    <P Name="Reference">sm_lib/Frames and
Transforms/Rigid
Transform</P>
    <P Name="Path">$bdroot/Subsystem/Transform4</P>
    <P Name="SID">33</P>
    <P Name="Type">LIBRARY_BLOCK</P>
  </ExternalFileReference>
  <ExternalFileReference>
    <P Name="Reference">sm_lib/Frames and
Transforms/Rigid
Transform</P>
    <P Name="Path">$bdroot/Subsystem/Transform6</P>
    <P Name="SID">35</P>
    <P Name="Type">LIBRARY_BLOCK</P>
  </ExternalFileReference>
  <ExternalFileReference>
    <P Name="Reference">sm_lib/Frames and
Transforms/Rigid
Transform</P>
    <P Name="Path">$bdroot/Subsystem/Transform7</P>
    <P Name="SID">36</P>
    <P Name="Type">LIBRARY_BLOCK</P>
  </ExternalFileReference>
  <ExternalFileReference>
    <P Name="Reference">sm_lib/Frames and
Transforms/Rigid
Transform</P>
    <P Name="Path">$bdroot/Subsystem/Transform8</P>
    <P Name="SID">37</P>
    <P Name="Type">LIBRARY_BLOCK</P>
  </ExternalFileReference>
  <ExternalFileReference>
    <P Name="Reference">sm_lib/Frames and
Transforms/Rigid
Transform</P>
    <P Name="Path">$bdroot/Subsystem/Transform9</P>
    <P Name="SID">38</P>
    <P Name="Type">LIBRARY_BLOCK</P>
  </ExternalFileReference>
  <ExternalFileReference>
    <P Name="Reference">sm_lib/Frames and
Transforms/Reference
Frame</P>
    <P Name="Path">$bdroot/Subsystem/bottom_platform_1_RIGID/ReferenceFrame</P>
    <P Name="SID">114</P>
    <P Name="Type">LIBRARY_BLOCK</P>
  </ExternalFileReference>
  <ExternalFileReference>
    <P Name="Reference">sm_lib/Body Elements/Solid</P>
    <P Name="Path">$bdroot/Subsystem/bottom_platform_1_RIGID/Solid</P>
    <P Name="SID">115</P>
    <P Name="Type">LIBRARY_BLOCK</P>
  </ExternalFileReference>
  <ExternalFileReference>
    <P Name="Reference">sm_lib/Frames and
Transforms/Reference
Frame</P>
    <P Name="Path">$bdroot/Subsystem/servo_mount_10_RIGID/ReferenceFrame</P>
    <P Name="SID">189</P>
    <P Name="Type">LIBRARY_BLOCK</P>
  </ExternalFileReference>
  <ExternalFileReference>
    <P Name="Reference">sm_lib/Body Elements/Solid</P>
    <P Name="Path">$bdroot/Subsystem/servo_mount_10_RIGID/Solid</P>
    <P Name="SID">190</P>
    <P Name="Type">LIBRARY_BLOCK</P>
  </ExternalFileReference>
  <ExternalFileReference>
    <P Name="Reference">sm_lib/Frames and
Transforms/Reference
Frame</P>
    <P Name="Path">$bdroot/Subsystem/servo_mount_11_RIGID/ReferenceFrame</P>
    <P Name="SID">192</P>
    <P Name="Type">LIBRARY_BLOCK</P>
  </ExternalFileReference>
  <ExternalFileReference>
    <P Name="Reference">sm_lib/Body Elements/Solid</P>
    <P Name="Path">$bdroot/Subsystem/servo_mount_11_RIGID/Solid</P>
    <P Name="SID">193</P>
    <P Name="Type">LIBRARY_BLOCK</P>
  </ExternalFileReference>
  <ExternalFileReference>
    <P Name="Reference">sm_lib/Frames and
Transforms/Reference
Frame</P>
    <P Name="Path">$bdroot/Subsystem/servo_mount_1_RIGID/ReferenceFrame</P>
    <P Name="SID">195</P>
    <P Name="Type">LIBRARY_BLOCK</P>
  </ExternalFileReference>
  <ExternalFileReference>
    <P Name="Reference">sm_lib/Body Elements/Solid</P>
    <P Name="Path">$bdroot/Subsystem/servo_mount_1_RIGID/Solid</P>
    <P Name="SID">196</P>
    <P Name="Type">LIBRARY_BLOCK</P>
  </ExternalFileReference>
  <ExternalFileReference>
    <P Name="Reference">sm_lib/Frames and
Transforms/Reference
Frame</P>
    <P Name="Path">$bdroot/Subsystem/servo_mount_7_RIGID/ReferenceFrame</P>
    <P Name="SID">198</P>
    <P Name="Type">LIBRARY_BLOCK</P>
  </ExternalFileReference>
  <ExternalFileReference>
    <P Name="Reference">sm_lib/Body Elements/Solid</P>
    <P Name="Path">$bdroot/Subsystem/servo_mount_7_RIGID/Solid</P>
    <P Name="SID">199</P>
    <P Name="Type">LIBRARY_BLOCK</P>
  </ExternalFileReference>
  <ExternalFileReference>
    <P Name="Reference">sm_lib/Frames and
Transforms/Reference
Frame</P>
    <P Name="Path">$bdroot/Subsystem/servo_mount_8_RIGID/ReferenceFrame</P>
    <P Name="SID">201</P>
    <P Name="Type">LIBRARY_BLOCK</P>
  </ExternalFileReference>
  <ExternalFileReference>
    <P Name="Reference">sm_lib/Body Elements/Solid</P>
    <P Name="Path">$bdroot/Subsystem/servo_mount_8_RIGID/Solid</P>
    <P Name="SID">202</P>
    <P Name="Type">LIBRARY_BLOCK</P>
  </ExternalFileReference>
  <ExternalFileReference>
    <P Name="Reference">sm_lib/Frames and
Transforms/Reference
Frame</P>
    <P Name="Path">$bdroot/Subsystem/servo_mount_9_RIGID/ReferenceFrame</P>
    <P Name="SID">204</P>
    <P Name="Type">LIBRARY_BLOCK</P>
  </ExternalFileReference>
  <ExternalFileReference>
    <P Name="Reference">sm_lib/Body Elements/Solid</P>
    <P Name="Path">$bdroot/Subsystem/servo_mount_9_RIGID/Solid</P>
    <P Name="SID">205</P>
    <P Name="Type">LIBRARY_BLOCK</P>
  </ExternalFileReference>
  <ExternalFileReference>
    <P Name="Reference">sm_lib/Frames and
Transforms/Transform
Sensor</P>
    <P Name="Path">$bdroot/Transform Sensor</P>
    <P Name="SID">407</P>
    <P Name="Type">LIBRARY_BLOCK</P>
  </ExternalFileReference>
  <ExternalFileReference>
    <P Name="Reference">sm_lib/Frames and
Transforms/Transform
Sensor</P>
    <P Name="Path">$bdroot/Transform Sensor1</P>
    <P Name="SID">479</P>
    <P Name="Type">LIBRARY_BLOCK</P>
  </ExternalFileReference>
  <ExternalFileReference>
    <P Name="Reference">sm_lib/Frames and
Transforms/Rigid
Transform</P>
    <P Name="Path">$bdroot/Transform1</P>
    <P Name="SID">27</P>
    <P Name="Type">LIBRARY_BLOCK</P>
  </ExternalFileReference>
  <ExternalFileReference>
    <P Name="Reference">sm_lib/Frames and
Transforms/Rigid
Transform</P>
    <P Name="Path">$bdroot/Transform10</P>
    <P Name="SID">28</P>
    <P Name="Type">LIBRARY_BLOCK</P>
  </ExternalFileReference>
  <ExternalFileReference>
    <P Name="Reference">sm_lib/Frames and
Transforms/Rigid
Transform</P>
    <P Name="Path">$bdroot/Transform11</P>
    <P Name="SID">29</P>
    <P Name="Type">LIBRARY_BLOCK</P>
  </ExternalFileReference>
  <ExternalFileReference>
    <P Name="Reference">sm_lib/Frames and
Transforms/Rigid
Transform</P>
    <P Name="Path">$bdroot/Transform12</P>
    <P Name="SID">30</P>
    <P Name="Type">LIBRARY_BLOCK</P>
  </ExternalFileReference>
  <ExternalFileReference>
    <P Name="Reference">sm_lib/Frames and
Transforms/Rigid
Transform</P>
    <P Name="Path">$bdroot/Transform3</P>
    <P Name="SID">32</P>
    <P Name="Type">LIBRARY_BLOCK</P>
  </ExternalFileReference>
  <ExternalFileReference>
    <P Name="Reference">sm_lib/Frames and
Transforms/Rigid
Transform</P>
    <P Name="Path">$bdroot/Transform5</P>
    <P Name="SID">34</P>
    <P Name="Type">LIBRARY_BLOCK</P>
  </ExternalFileReference>
  <ExternalFileReference>
    <P Name="Reference">sm_lib/Frames and
Transforms/Rigid
Transform</P>
    <P Name="Path">$bdroot/Variable Rotation</P>
    <P Name="SID">448</P>
    <P Name="Type">LIBRARY_BLOCK</P>
  </ExternalFileReference>
  <ExternalFileReference>
    <P Name="Reference">sm_lib/Frames and
Transforms/World Frame</P>
    <P Name="Path">$bdroot/World</P>
    <P Name="SID">39</P>
    <P Name="Type">LIBRARY_BLOCK</P>
  </ExternalFileReference>
  <ExternalFileReference>
    <P Name="Reference">sm_lib/Frames and
Transforms/Reference
Frame</P>
    <P Name="Path">$bdroot/servo_arm_1_RIGID/ReferenceFrame</P>
    <P Name="SID">153</P>
    <P Name="Type">LIBRARY_BLOCK</P>
  </ExternalFileReference>
  <ExternalFileReference>
    <P Name="Reference">sm_lib/Body Elements/Solid</P>
    <P Name="Path">$bdroot/servo_arm_1_RIGID/Solid</P>
    <P Name="SID">154</P>
    <P Name="Type">LIBRARY_BLOCK</P>
  </ExternalFileReference>
  <ExternalFileReference>
    <P Name="Reference">sm_lib/Frames and
Transforms/Rigid
Transform</P>
    <P Name="Path">$bdroot/servo_arm_1_RIGID/Transform</P>
    <P Name="SID">155</P>
    <P Name="Type">LIBRARY_BLOCK</P>
  </ExternalFileReference>
  <ExternalFileReference>
    <P Name="Reference">sm_lib/Frames and
Transforms/Rigid
Transform</P>
    <P Name="Path">$bdroot/servo_arm_1_RIGID/Transform1</P>
    <P Name="SID">156</P>
    <P Name="Type">LIBRARY_BLOCK</P>
  </ExternalFileReference>
  <ExternalFileReference>
    <P Name="Reference">sm_lib/Frames and
Transforms/Reference
Frame</P>
    <P Name="Path">$bdroot/servo_arm_2_RIGID/ReferenceFrame</P>
    <P Name="SID">159</P>
    <P Name="Type">LIBRARY_BLOCK</P>
  </ExternalFileReference>
  <ExternalFileReference>
    <P Name="Reference">sm_lib/Body Elements/Solid</P>
    <P Name="Path">$bdroot/servo_arm_2_RIGID/Solid</P>
    <P Name="SID">160</P>
    <P Name="Type">LIBRARY_BLOCK</P>
  </ExternalFileReference>
  <ExternalFileReference>
    <P Name="Reference">sm_lib/Frames and
Transforms/Rigid
Transform</P>
    <P Name="Path">$bdroot/servo_arm_2_RIGID/Transform</P>
    <P Name="SID">161</P>
    <P Name="Type">LIBRARY_BLOCK</P>
  </ExternalFileReference>
  <ExternalFileReference>
    <P Name="Reference">sm_lib/Frames and
Transforms/Rigid
Transform</P>
    <P Name="Path">$bdroot/servo_arm_2_RIGID/Transform1</P>
    <P Name="SID">162</P>
    <P Name="Type">LIBRARY_BLOCK</P>
  </ExternalFileReference>
  <ExternalFileReference>
    <P Name="Reference">sm_lib/Frames and
Transforms/Reference
Frame</P>
    <P Name="Path">$bdroot/servo_arm_3_RIGID/ReferenceFrame</P>
    <P Name="SID">165</P>
    <P Name="Type">LIBRARY_BLOCK</P>
  </ExternalFileReference>
  <ExternalFileReference>
    <P Name="Reference">sm_lib/Body Elements/Solid</P>
    <P Name="Path">$bdroot/servo_arm_3_RIGID/Solid</P>
    <P Name="SID">166</P>
    <P Name="Type">LIBRARY_BLOCK</P>
  </ExternalFileReference>
  <ExternalFileReference>
    <P Name="Reference">sm_lib/Frames and
Transforms/Rigid
Transform</P>
    <P Name="Path">$bdroot/servo_arm_3_RIGID/Transform</P>
    <P Name="SID">167</P>
    <P Name="Type">LIBRARY_BLOCK</P>
  </ExternalFileReference>
  <ExternalFileReference>
    <P Name="Reference">sm_lib/Frames and
Transforms/Rigid
Transform</P>
    <P Name="Path">$bdroot/servo_arm_3_RIGID/Transform1</P>
    <P Name="SID">168</P>
    <P Name="Type">LIBRARY_BLOCK</P>
  </ExternalFileReference>
  <ExternalFileReference>
    <P Name="Reference">sm_lib/Frames and
Transforms/Reference
Frame</P>
    <P Name="Path">$bdroot/servo_arm_4_RIGID/ReferenceFrame</P>
    <P Name="SID">171</P>
    <P Name="Type">LIBRARY_BLOCK</P>
  </ExternalFileReference>
  <ExternalFileReference>
    <P Name="Reference">sm_lib/Body Elements/Solid</P>
    <P Name="Path">$bdroot/servo_arm_4_RIGID/Solid</P>
    <P Name="SID">172</P>
    <P Name="Type">LIBRARY_BLOCK</P>
  </ExternalFileReference>
  <ExternalFileReference>
    <P Name="Reference">sm_lib/Frames and
Transforms/Rigid
Transform</P>
    <P Name="Path">$bdroot/servo_arm_4_RIGID/Transform</P>
    <P Name="SID">173</P>
    <P Name="Type">LIBRARY_BLOCK</P>
  </ExternalFileReference>
  <ExternalFileReference>
    <P Name="Reference">sm_lib/Frames and
Transforms/Rigid
Transform</P>
    <P Name="Path">$bdroot/servo_arm_4_RIGID/Transform1</P>
    <P Name="SID">174</P>
    <P Name="Type">LIBRARY_BLOCK</P>
  </ExternalFileReference>
  <ExternalFileReference>
    <P Name="Reference">sm_lib/Frames and
Transforms/Reference
Frame</P>
    <P Name="Path">$bdroot/servo_arm_5_RIGID/ReferenceFrame</P>
    <P Name="SID">177</P>
    <P Name="Type">LIBRARY_BLOCK</P>
  </ExternalFileReference>
  <ExternalFileReference>
    <P Name="Reference">sm_lib/Body Elements/Solid</P>
    <P Name="Path">$bdroot/servo_arm_5_RIGID/Solid</P>
    <P Name="SID">178</P>
    <P Name="Type">LIBRARY_BLOCK</P>
  </ExternalFileReference>
  <ExternalFileReference>
    <P Name="Reference">sm_lib/Frames and
Transforms/Rigid
Transform</P>
    <P Name="Path">$bdroot/servo_arm_5_RIGID/Transform</P>
    <P Name="SID">179</P>
    <P Name="Type">LIBRARY_BLOCK</P>
  </ExternalFileReference>
  <ExternalFileReference>
    <P Name="Reference">sm_lib/Frames and
Transforms/Rigid
Transform</P>
    <P Name="Path">$bdroot/servo_arm_5_RIGID/Transform1</P>
    <P Name="SID">180</P>
    <P Name="Type">LIBRARY_BLOCK</P>
  </ExternalFileReference>
  <ExternalFileReference>
    <P Name="Reference">sm_lib/Frames and
Transforms/Reference
Frame</P>
    <P Name="Path">$bdroot/servo_arm_6_RIGID/ReferenceFrame</P>
    <P Name="SID">183</P>
    <P Name="Type">LIBRARY_BLOCK</P>
  </ExternalFileReference>
  <ExternalFileReference>
    <P Name="Reference">sm_lib/Body Elements/Solid</P>
    <P Name="Path">$bdroot/servo_arm_6_RIGID/Solid</P>
    <P Name="SID">184</P>
    <P Name="Type">LIBRARY_BLOCK</P>
  </ExternalFileReference>
  <ExternalFileReference>
    <P Name="Reference">sm_lib/Frames and
Transforms/Rigid
Transform</P>
    <P Name="Path">$bdroot/servo_arm_6_RIGID/Transform</P>
    <P Name="SID">185</P>
    <P Name="Type">LIBRARY_BLOCK</P>
  </ExternalFileReference>
  <ExternalFileReference>
    <P Name="Reference">sm_lib/Frames and
Transforms/Rigid
Transform</P>
    <P Name="Path">$bdroot/servo_arm_6_RIGID/Transform1</P>
    <P Name="SID">186</P>
    <P Name="Type">LIBRARY_BLOCK</P>
  </ExternalFileReference>
  <ExternalFileReference>
    <P Name="Reference">sm_lib/Frames and
Transforms/Reference
Frame</P>
    <P Name="Path">$bdroot/upper_platform_1_RIGID/ReferenceFrame</P>
    <P Name="SID">207</P>
    <P Name="Type">LIBRARY_BLOCK</P>
  </ExternalFileReference>
  <ExternalFileReference>
    <P Name="Reference">sm_lib/Body Elements/Solid</P>
    <P Name="Path">$bdroot/upper_platform_1_RIGID/Solid</P>
    <P Name="SID">208</P>
    <P Name="Type">LIBRARY_BLOCK</P>
  </ExternalFileReference>
  <ExternalFileReference>
    <P Name="Reference">sm_lib/Frames and
Transforms/Rigid
Transform</P>
    <P Name="Path">$bdroot/upper_platform_1_RIGID/Transform</P>
    <P Name="SID">209</P>
    <P Name="Type">LIBRARY_BLOCK</P>
  </ExternalFileReference>
  <ExternalFileReference>
    <P Name="Reference">sm_lib/Frames and
Transforms/Rigid
Transform</P>
    <P Name="Path">$bdroot/upper_platform_1_RIGID/Transform1</P>
    <P Name="SID">210</P>
    <P Name="Type">LIBRARY_BLOCK</P>
  </ExternalFileReference>
  <ExternalFileReference>
    <P Name="Reference">sm_lib/Frames and
Transforms/Rigid
Transform</P>
    <P Name="Path">$bdroot/upper_platform_1_RIGID/Transform2</P>
    <P Name="SID">211</P>
    <P Name="Type">LIBRARY_BLOCK</P>
  </ExternalFileReference>
  <ExternalFileReference>
    <P Name="Reference">sm_lib/Frames and
Transforms/Rigid
Transform</P>
    <P Name="Path">$bdroot/upper_platform_1_RIGID/Transform3</P>
    <P Name="SID">212</P>
    <P Name="Type">LIBRARY_BLOCK</P>
  </ExternalFileReference>
  <ExternalFileReference>
    <P Name="Reference">sm_lib/Frames and
Transforms/Rigid
Transform</P>
    <P Name="Path">$bdroot/upper_platform_1_RIGID/Transform4</P>
    <P Name="SID">213</P>
    <P Name="Type">LIBRARY_BLOCK</P>
  </ExternalFileReference>
  <ExternalFileReference>
    <P Name="Reference">sm_lib/Frames and
Transforms/Rigid
Transform</P>
    <P Name="Path">$bdroot/upper_platform_1_RIGID/Transform5</P>
    <P Name="SID">214</P>
    <P Name="Type">LIBRARY_BLOCK</P>
  </ExternalFileReference>
  <P Name="OrderedModelArguments">1</P>
</GraphicalInterface>
